mode,format,scenario,seed,repeat,fit_seconds,predict_seconds,peak_rss_kib
hist_32,csc,after,17,1,0.47323504199994204,0.17617895900002623,177872
hist_32,csc,after,17,2,0.4748015419991134,0.17551162500058126,178272
hist_32,csc,after,17,3,0.472674291999283,0.17491549999976996,178288
hist_32,csc,after,29,1,0.48430970899971726,0.1803957909996825,180112
hist_32,csc,after,29,2,0.48369766699943284,0.1803120000004128,180112
hist_32,csc,after,29,3,0.5013184170002205,0.19026629200016032,180208
hist_32,csc,after,43,1,0.4933379590002005,0.18331883299833862,180624
hist_32,csc,after,43,2,0.48646391599868366,0.17842987500080199,180624
hist_32,csc,after,43,3,0.4799330000005284,0.1776599160002661,180640
