mode,scenario,seed,repeat,fit_seconds,predict_seconds,peak_rss_kib
exact,baseline,17,1,1.2700899160008703,0.03836237500036077,177856
exact,baseline,17,2,1.2728291250004986,0.038295541000479716,177888
exact,baseline,17,3,1.2705930410011206,0.038687124999341904,177888
exact,baseline,29,1,1.3226463749997492,0.03901899999982561,183328
exact,baseline,29,2,1.3223969169994234,0.03901229199982481,183344
exact,baseline,29,3,1.3252237910000986,0.03911004200017487,183344
exact,baseline,43,1,1.325545499999862,0.03939558399906673,183632
exact,baseline,43,2,1.3262397500002407,0.039271209001526586,183632
exact,baseline,43,3,1.3280542920001608,0.03958362500088697,183632
exact,after,17,1,1.2725327080006537,0.038795208998635644,178144
exact,after,17,2,1.2731630830003269,0.038298082999972394,178144
exact,after,17,3,1.2708908750009869,0.038362457999028265,178160
exact,after,29,1,1.3205243329994119,0.03919354199933878,183728
exact,after,29,2,1.3223971250008617,0.03901337499883084,183728
exact,after,29,3,1.3500059580001107,0.041045666999707464,183744
exact,after,43,1,1.3264536659989972,0.03987470799984294,183808
exact,after,43,2,1.3273099580001144,0.03965429200070503,183808
exact,after,43,3,1.3235813329993107,0.039934790998813696,183808
exact,monotonic,17,1,1.323172667000108,0.03941133299849753,178864
exact,monotonic,17,2,1.3266122080003697,0.040407459000562085,178864
exact,monotonic,17,3,1.323366332999285,0.0394058749989199,178896
exact,monotonic,29,1,1.3053492910003115,0.039486374998887186,184528
exact,monotonic,29,2,1.3031648329997552,0.03919237500122108,184528
exact,monotonic,29,3,1.3039415419989382,0.039002875000733184,184528
exact,monotonic,43,1,1.3518948330001876,0.03969104099996912,184624
exact,monotonic,43,2,1.3449624170007155,0.03933829100060393,184736
exact,monotonic,43,3,1.3244579580004938,0.03946587500104215,184736
hist_32,baseline,17,1,0.32094074999986333,0.04008112500014249,179360
hist_32,baseline,17,2,0.3190101659984066,0.03995766699881642,179360
hist_32,baseline,17,3,0.32120191600006365,0.040014958000028855,179360
hist_32,baseline,29,1,0.3207035840005119,0.040771375000986154,186272
hist_32,baseline,29,2,0.32140637500015146,0.04029074999925797,186288
hist_32,baseline,29,3,0.31904137499986973,0.041670917000374175,186288
hist_32,baseline,43,1,0.31982649999918067,0.04095295900151541,186352
hist_32,baseline,43,2,0.3193976249986008,0.041184249999787426,186352
hist_32,baseline,43,3,0.3197986249997484,0.04111529199872166,186352
hist_32,after,17,1,0.3199548329994286,0.04079933399953006,180720
hist_32,after,17,2,0.32127583399960713,0.04018412499863189,180720
hist_32,after,17,3,0.3208143329993618,0.04054149999865331,180720
hist_32,after,29,1,0.3209162919993105,0.04065991700008453,187696
hist_32,after,29,2,0.32191812500059314,0.040501457999198465,187696
hist_32,after,29,3,0.32106150000072375,0.04055891700045322,187696
hist_32,after,43,1,0.3201841249992867,0.04105974999947648,187776
hist_32,after,43,2,0.3189599580000504,0.04017008299888403,187776
hist_32,after,43,3,0.3203270829999383,0.04090133300087473,187776
hist_32,monotonic,17,1,0.3405689999999595,0.04109608299950196,180192
hist_32,monotonic,17,2,0.3426108330004354,0.040836874999513384,180192
hist_32,monotonic,17,3,0.3683811249993596,0.04084595899985288,180208
hist_32,monotonic,29,1,0.34186679199956416,0.04101612500016927,186992
hist_32,monotonic,29,2,0.3669022080011928,0.04133758300122281,186992
hist_32,monotonic,29,3,0.3407823750003445,0.041132792001008056,186992
hist_32,monotonic,43,1,0.367884375000358,0.04176641699996253,186992
hist_32,monotonic,43,2,0.3427232499998354,0.04127087500091875,186992
hist_32,monotonic,43,3,0.3425432500007446,0.041165541999362176,186992
