backend,scenario,seed,repeat,fit_seconds,predict_seconds,peak_rss_kib
exact,baseline,17,1,1.3185592089994316,0.03903112499938288,172864
exact,baseline,17,2,1.3509772920006071,0.03907483299917658,172864
exact,baseline,17,3,1.3740865420004411,0.039168749999589636,172864
exact,baseline,29,1,1.3604025000004185,0.039401083000484505,172864
exact,baseline,29,2,1.3658121659991593,0.03846325000085926,172864
exact,baseline,29,3,1.3628108749999228,0.03843729199979862,172864
exact,baseline,43,1,1.3787482080006157,0.0386039159984648,172864
exact,baseline,43,2,1.379470665999179,0.03842495800017787,172864
exact,baseline,43,3,1.3825274170012563,0.03852908400040178,172864
exact,after,17,1,1.2829160000001139,0.03771904200038989,172160
exact,after,17,2,1.283855958001368,0.03752245900068374,172160
exact,after,17,3,1.2834425839992036,0.037480875000255764,172160
exact,after,29,1,1.3229873750005936,0.03809408400047687,172160
exact,after,29,2,1.3279460829999152,0.03854562500055181,172160
exact,after,29,3,1.331956749998426,0.037809584000569885,172160
exact,after,43,1,1.342539499999475,0.04019562500070606,172160
exact,after,43,2,1.3645666249994974,0.0421920830012823,172160
exact,after,43,3,1.3534867910002504,0.038321583000652026,172160
exact,ccp_alpha_0.05,17,1,1.371737542000119,0.0013999160000821576,169904
exact,ccp_alpha_0.05,17,2,1.3728962909990514,0.0014992079995863605,169904
exact,ccp_alpha_0.05,17,3,1.3696749169994291,0.0014240420005080523,169904
exact,ccp_alpha_0.05,29,1,1.4352177500004473,0.0014298749993031379,169904
exact,ccp_alpha_0.05,29,2,1.6389838340001006,0.0015665419996366836,169904
exact,ccp_alpha_0.05,29,3,1.4756268750006711,0.001416958000845625,169904
exact,ccp_alpha_0.05,43,1,1.4923841670006368,0.0016956250001385342,169904
exact,ccp_alpha_0.05,43,2,1.4807313329984026,0.001427541999873938,169904
exact,ccp_alpha_0.05,43,3,1.4806257089985593,0.0014296659992396599,169904
hist_32,baseline,17,1,0.3082536669990077,0.04026620799959346,170944
hist_32,baseline,17,2,0.3085938749991328,0.04125870799907716,170944
hist_32,baseline,17,3,0.3083925000009913,0.04018762499981676,170944
hist_32,baseline,29,1,0.3113649170009012,0.0419542920008098,170944
hist_32,baseline,29,2,0.3112682920000225,0.04083924999940791,170944
hist_32,baseline,29,3,0.31124220799938485,0.04072687500047323,170944
hist_32,baseline,43,1,0.3071207909997611,0.03963966600167623,170944
hist_32,baseline,43,2,0.3079250419996242,0.03995254099936574,170944
hist_32,baseline,43,3,0.30735954199917614,0.03968758299924957,170944
hist_32,after,17,1,0.30793858300057764,0.04006712499904097,171104
hist_32,after,17,2,0.30993149999994785,0.04020016699905682,171104
hist_32,after,17,3,0.3082805409994762,0.040096832999552134,171104
hist_32,after,29,1,0.31204683299984026,0.04079483299938147,171104
hist_32,after,29,2,0.3125973749993136,0.04059483400124009,171104
hist_32,after,29,3,0.3118801660002646,0.0405851250015985,171104
hist_32,after,43,1,0.3067667920004169,0.039831457999753184,171104
hist_32,after,43,2,0.3086257499999192,0.03972766600054456,171104
hist_32,after,43,3,0.30825949999962177,0.0399606249993667,171104
hist_32,ccp_alpha_0.05,17,1,0.39473037499919883,0.0025515830002404982,168656
hist_32,ccp_alpha_0.05,17,2,0.42071733299962943,0.0023967919987626374,168656
hist_32,ccp_alpha_0.05,17,3,0.39286087499931455,0.0022639590006292565,168656
hist_32,ccp_alpha_0.05,29,1,0.42346487500071817,0.0025143339989881497,168656
hist_32,ccp_alpha_0.05,29,2,0.3983901669998886,0.0022223329997359542,168656
hist_32,ccp_alpha_0.05,29,3,0.3964574999990873,0.00250695800059475,168656
hist_32,ccp_alpha_0.05,43,1,0.39152883300084795,0.0023122499987948686,168656
hist_32,ccp_alpha_0.05,43,2,0.3918295000003127,0.002330707999135484,168656
hist_32,ccp_alpha_0.05,43,3,0.41484458400009316,0.0033022499992512167,168656
