mode,seed,repeat,bankai_fit_seconds,bankai_predict_seconds,sklearn_fit_seconds,sklearn_predict_seconds,prediction_agreement,probability_rmse
exact,17,1,0.582901124998898,0.0291680840018671,0.31091079199904925,0.02347183399979258,1.0,0.01427678768724487
exact,17,2,0.5836118339975656,0.02940229199884925,0.28450374999738415,0.023611415999766905,1.0,0.01427678768724487
exact,17,3,0.5839439170013065,0.029301792001206195,0.3154268750004121,0.023522125000454253,1.0,0.01427678768724487
exact,29,1,0.5684539579997363,0.028334582999377744,0.3131052919998183,0.02513662500132341,0.99995,0.013964001336770681
exact,29,2,0.5681000410004344,0.02830845800053794,0.2833707919999142,0.0238558329983789,0.99995,0.013964001336770681
exact,29,3,0.5925617079992662,0.02851354199810885,0.285124124999129,0.02373379200071213,0.99995,0.013964001336770681
exact,43,1,0.6108451670006616,0.029386499998508953,0.29284629200265044,0.024379833997954847,1.0,0.013750636348911277
exact,43,2,0.5841274580016034,0.02958408300037263,0.2919049579977582,0.024529083002562402,1.0,0.013750636348911277
exact,43,3,0.6113705410025432,0.029042124999250518,0.2921017499975278,0.024744583999563474,1.0,0.013750636348911277
hist_32,17,1,0.42303437500231666,0.053226208001433406,0.2853711669995391,0.023371166000288213,0.9961,0.04899693867988081
hist_32,17,2,0.3981579169994802,0.052825333001237595,0.28050004199758405,0.023349374998360872,0.9961,0.04899693867988081
hist_32,17,3,0.42641183299929253,0.05314012500093668,0.2821445420013333,0.023506333996920148,0.9961,0.04899693867988081
hist_32,29,1,0.3924221249981201,0.07800979099920369,0.28128387499964447,0.023680457998125348,0.9963,0.04871351626260074
hist_32,29,2,0.3921527920028893,0.05216895800185739,0.2823132089979481,0.023855792001995724,0.9963,0.04871351626260074
hist_32,29,3,0.3924335420015268,0.05220841600021231,0.31113237500176183,0.02380770899981144,0.9963,0.04871351626260074
hist_32,43,1,0.39415474999987055,0.0528836669982411,0.31754541599730146,0.024791458999970928,0.99635,0.04852999072738424
hist_32,43,2,0.39564400000017486,0.052365207997354446,0.29112112499933573,0.02443279200088,0.99635,0.04852999072738424
hist_32,43,3,0.3938497079980152,0.05253258300217567,0.29143062499861117,0.05091908299800707,0.99635,0.04852999072738424
