seed,rows,features,trees,mode,implementation,tree_export_seconds,explainer_seconds,calculate_seconds,explanation_total_seconds,seconds_per_explained_row,additivity_max_error,shap_version,sklearn_version,python_version,fit_seconds
41,10000,40,100,sklearn,sklearn,0.0,0.015434124999956111,4.257672707999973,4.273106832999929,0.04273106832999929,7.380762667708041e-13,0.51.0,1.9.1,3.11.11,3.3614532079996025
41,10000,40,100,bankai_exact,bankai,0.0921444580003481,0.011150875000112137,4.410394333000113,4.513689666000573,0.04513689666000573,2.1174034747772907e-12,0.51.0,1.9.1,3.11.11,2.4156074580000677
41,10000,40,100,bankai_max_bins=16,bankai,0.11125604100016062,0.013825750000250991,4.6185693329998685,4.74365112400028,0.0474365112400028,4.9057979900624105e-15,0.51.0,1.9.1,3.11.11,1.2739350420001756
42,10000,40,100,sklearn,sklearn,0.0,0.010220583999853261,4.2714193329998125,4.281639916999666,0.04281639916999666,2.0027035585457043e-13,0.51.0,1.9.1,3.11.11,3.2815698750000593
42,10000,40,100,bankai_exact,bankai,0.08675425000001269,0.009677167000063491,4.511192874999779,4.607624291999855,0.046076242919998546,6.901874904929883e-13,0.51.0,1.9.1,3.11.11,2.4627550000000156
42,10000,40,100,bankai_max_bins=16,bankai,0.1097981670000081,0.012029125000026397,4.648248125000009,4.770075417000044,0.047700754170000435,1.902644708451362e-14,0.51.0,1.9.1,3.11.11,1.2548631670001669
43,10000,40,100,sklearn,sklearn,0.0,0.009824209000271367,4.217923124999743,4.227747334000014,0.04227747334000014,9.090124486466067e-13,0.51.0,1.9.1,3.11.11,3.419577250000202
43,10000,40,100,bankai_exact,bankai,0.08536824999964665,0.009724375000132568,4.685748000000331,4.78084062500011,0.0478084062500011,1.4553080962542708e-12,0.51.0,1.9.1,3.11.11,2.5553835000000618
43,10000,40,100,bankai_max_bins=16,bankai,0.10664579100011906,0.012005500000213942,4.7910039170001255,4.9096552080004585,0.04909655208000459,5.88418203051333e-15,0.51.0,1.9.1,3.11.11,1.262556250000216
