feature_index,bankai_oob_permutation_accuracy_drop,bankai_rank,lightgbm_mean_abs_shap_raw_margin,lightgbm_rank
0,0.09626924715520667,3.0,78.68842551074103,2.0
1,0.09858614055890942,2.0,84.66966711718439,1.0
2,0.09868048529371809,1.0,78.68802696463896,3.0
3,-1.1804722208923388e-05,59.0,0.0,52.0
4,-3.387416081523212e-05,78.0,0.0,52.0
5,1.7695966511889493e-05,28.0,0.0,52.0
6,5.77739117888742e-05,5.0,0.0,52.0
7,-3.8842756881902156e-05,85.0,0.0,52.0
8,-4.9672164498100506e-05,90.0,0.0,52.0
9,9.662249888672304e-07,46.0,0.0,52.0
10,2.5360895220557984e-05,23.0,0.0,52.0
11,3.297783804658437e-05,18.0,0.0,52.0
12,3.1981644579638584e-05,19.0,0.0,52.0
13,-1.664820193043043e-05,63.0,0.0,52.0
14,5.155675344575787e-06,38.0,0.0,52.0
15,-4.413637458594141e-05,88.0,0.0,52.0
16,3.337885368317556e-05,17.0,0.0,52.0
17,2.986926633310449e-05,21.0,0.0,52.0
18,-2.4560711303220987e-05,71.0,0.0,52.0
19,-5.227864856873257e-07,48.0,0.0,52.0
20,-2.1416872088137507e-05,68.0,0.0,52.0
21,-6.613888109205602e-06,54.0,0.0,52.0
22,-4.9345801945509927e-05,89.0,0.0,52.0
23,-2.5930733072683002e-05,74.0,0.0,52.0
24,3.118154001737914e-05,20.0,0.0,52.0
25,5.046192910221549e-06,39.0,0.0,52.0
26,-1.779950627008726e-05,65.0,0.0,52.0
27,-3.6219364740714255e-05,81.0,0.0,52.0
28,5.718105457464086e-06,37.0,0.0,52.0
29,-3.93775045942659e-05,86.0,0.0,52.0
30,-7.285645387899452e-05,95.0,0.0,52.0
31,-7.47716900947259e-05,96.0,0.0,52.0
32,-2.5605680976495136e-05,73.0,0.0,52.0
33,-3.7998320570817956e-05,83.0,0.0,52.0
34,-5.362600032660591e-06,52.0,0.0,52.0
35,-4.1392046931280727e-05,87.0,0.0,52.0
36,-2.3083414297672824e-05,69.0,0.0,52.0
37,3.954845394249146e-06,40.0,0.0,52.0
38,1.922916690690586e-05,26.0,0.0,52.0
39,-7.345069182081217e-06,56.0,0.0,52.0
40,2.221258405333595e-05,24.0,0.0,52.0
41,-1.3477696851375284e-05,60.0,0.0,52.0
42,1.7368673342282722e-05,29.0,0.0,52.0
43,1.7172992089867266e-06,44.0,0.0,52.0
44,-5.163729332380515e-05,91.0,0.0,52.0
45,-2.012173854645436e-05,67.0,0.0,52.0
46,4.301428961748651e-05,10.0,0.0,52.0
47,-6.417494387373054e-05,94.0,0.0,52.0
48,3.805127246493885e-05,16.0,0.0,52.0
49,-1.6132839526082588e-05,62.0,0.0,52.0
50,-3.984234013658379e-06,49.0,0.0,52.0
51,4.115849687160103e-05,12.0,0.0,52.0
52,-3.671017697468907e-05,82.0,0.0,52.0
53,6.318465689504746e-07,47.0,0.0,52.0
54,-8.2539812218957e-05,98.0,0.0,52.0
55,1.8424431877738167e-05,27.0,0.0,52.0
56,4.267887789267866e-05,11.0,0.0,52.0
57,-8.01229016647872e-05,97.0,0.0,52.0
58,9.451956044070208e-06,35.0,0.0,52.0
59,1.9460804719777885e-06,43.0,0.0,52.0
60,-3.812575560371322e-05,84.0,0.0,52.0
61,4.0141485821936615e-05,14.0,0.0,52.0
62,4.4593327559641505e-05,8.0,0.0,52.0
63,-0.00010033578579019084,99.0,0.0,52.0
64,-1.0808987863757227e-05,58.0,0.0,52.0
65,-9.735334039620831e-06,57.0,0.0,52.0
66,-6.226370582485467e-05,93.0,0.0,52.0
67,1.0968272685704006e-05,33.0,0.0,52.0
68,-2.355445324953897e-05,70.0,0.0,52.0
69,6.97314311389157e-05,4.0,0.0,52.0
70,-2.9388846042640758e-05,75.0,0.0,52.0
71,1.4464186064004907e-05,30.0,0.0,52.0
72,1.3597524043543821e-05,32.0,0.0,52.0
73,-3.031030655425173e-05,76.0,0.0,52.0
74,-2.5273087537573307e-05,72.0,0.0,52.0
75,2.6435950362355584e-05,22.0,0.0,52.0
76,4.337548152119081e-05,9.0,0.0,52.0
77,-3.555601960082605e-05,79.0,0.0,52.0
78,-1.3779276322320939e-05,61.0,0.0,52.0
79,-5.382590626168971e-06,53.0,0.0,52.0
80,3.7650152114653694e-06,41.0,0.0,52.0
81,1.3901394085539488e-05,31.0,0.0,52.0
82,3.9950295662433096e-05,15.0,0.0,52.0
83,1.0052120124530108e-05,34.0,0.0,52.0
84,2.0366217109962113e-05,25.0,0.0,52.0
85,5.1633367315345666e-05,7.0,0.0,52.0
86,2.994914471905409e-06,42.0,0.0,52.0
87,-1.6826861285937933e-05,64.0,0.0,52.0
88,-0.0001610446600452663,100.0,0.0,52.0
89,-1.8417855343768453e-05,66.0,0.0,52.0
90,4.035528370427371e-05,13.0,0.0,52.0
91,-3.3417450537309034e-05,77.0,0.0,52.0
92,-5.8303736804514476e-05,92.0,0.0,52.0
93,-4.356650699007172e-06,51.0,0.0,52.0
94,-3.5875360423314733e-05,80.0,0.0,52.0
95,1.3462331429849603e-06,45.0,0.0,52.0
96,8.978522010689451e-06,36.0,0.0,52.0
97,5.357903607767375e-05,6.0,0.0,52.0
98,-7.282128396100808e-06,55.0,0.0,52.0
99,-4.067226365790794e-06,50.0,0.0,52.0
