rows,features,trees,profile,implementation,train_seconds,predict_seconds,peak_rss_kib,ffi_overhead_seconds,f1,probability_rmse_vs_sklearn,agreement_vs_sklearn,python,platform,sklearn
10000,20,100,all_features,sklearn,5.894383916980587,0.04380658298032358,165953536,0.0,1.0,0.0,1.0,3.11.11,macOS-26.6.2-arm64-arm-64bit,1.9.1
10000,20,100,all_features,pyO3,4.0611357080051675,0.03960437496425584,165953536,-0.11449791703057693,1.0,0.023060789231940867,1.0,3.11.11,macOS-26.6.2-arm64-arm-64bit,1.9.1
10000,20,100,all_features,rust-cli,4.179407,0.035831,165953536,0.0,1.0,0.023411749187106888,1.0,3.11.11,macOS-26.6.2-arm64-arm-64bit,1.9.1
10000,20,100,balanced,sklearn,1.964261416986119,0.06548929197015241,178700288,0.0,1.0,0.0,1.0,3.11.11,macOS-26.6.2-arm64-arm-64bit,1.9.1
10000,20,100,balanced,pyO3,1.333514333004132,0.08234329201513901,178700288,-0.008811374980728981,1.0,0.032361551260716784,1.0,3.11.11,macOS-26.6.2-arm64-arm-64bit,1.9.1
10000,20,100,balanced,rust-cli,1.374688,0.049981,178700288,0.0,1.0,0.03260199380406051,1.0,3.11.11,macOS-26.6.2-arm64-arm-64bit,1.9.1
10000,20,100,default,sklearn,1.8143694170285016,0.0659308330505155,178765824,0.0,1.0,0.0,1.0,3.11.11,macOS-26.6.2-arm64-arm-64bit,1.9.1
10000,20,100,default,pyO3,1.5105967500130646,0.052333250001538545,178765824,0.18535900001460306,1.0,0.03225740225126629,1.0,3.11.11,macOS-26.6.2-arm64-arm-64bit,1.9.1
10000,20,100,default,rust-cli,1.327228,0.050343,178765824,0.0,1.0,0.03252091634625322,1.0,3.11.11,macOS-26.6.2-arm64-arm-64bit,1.9.1
10000,20,100,depth_8,sklearn,1.3629473749897443,0.0700498340302147,178765824,0.0,0.979319944322927,0.0,1.0,3.11.11,macOS-26.6.2-arm64-arm-64bit,1.9.1
10000,20,100,depth_8,pyO3,1.0396965830004774,0.037058499990962446,178765824,0.09193308299143982,0.9622962296229624,0.061720286398170114,0.9751,3.11.11,macOS-26.6.2-arm64-arm-64bit,1.9.1
10000,20,100,depth_8,rust-cli,0.950404,0.034418,178765824,0.0,0.965414,0.06430171387646365,0.9731,3.11.11,macOS-26.6.2-arm64-arm-64bit,1.9.1
10000,20,100,entropy,sklearn,2.193970124993939,0.0672924579703249,178765824,0.0,1.0,0.0,1.0,3.11.11,macOS-26.6.2-arm64-arm-64bit,1.9.1
10000,20,100,entropy,pyO3,1.5923436669982038,0.05118545796722174,178765824,-0.057521875034574364,1.0,0.03131102042412543,1.0,3.11.11,macOS-26.6.2-arm64-arm-64bit,1.9.1
10000,20,100,entropy,rust-cli,1.651395,0.049656,178765824,0.0,1.0,0.030745406160921016,1.0,3.11.11,macOS-26.6.2-arm64-arm-64bit,1.9.1
10000,20,100,leaf_10,sklearn,1.6204220409854315,0.07004850002704188,178765824,0.0,0.9882493527185819,0.0,1.0,3.11.11,macOS-26.6.2-arm64-arm-64bit,1.9.1
10000,20,100,leaf_10,pyO3,1.2399862080346793,0.049729624995961785,178765824,-0.013302166969358965,0.9913337981870705,0.05262318309894424,0.9917,3.11.11,macOS-26.6.2-arm64-arm-64bit,1.9.1
10000,20,100,leaf_10,rust-cli,1.255233,0.047785,178765824,0.0,0.991935,0.05227536900956013,0.9923,3.11.11,macOS-26.6.2-arm64-arm-64bit,1.9.1
10000,20,100,no_bootstrap,sklearn,3.0686449159984477,0.06842483300715685,178765824,0.0,1.0,0.0,1.0,3.11.11,macOS-26.6.2-arm64-arm-64bit,1.9.1
10000,20,100,no_bootstrap,pyO3,1.3652936249854974,0.054145374975632876,178765824,-0.07383400003886975,1.0,0.0,1.0,3.11.11,macOS-26.6.2-arm64-arm-64bit,1.9.1
10000,20,100,no_bootstrap,rust-cli,1.441375,0.051898,178765824,0.0,1.0,0.0,1.0,3.11.11,macOS-26.6.2-arm64-arm-64bit,1.9.1
10000,20,100,subsample_50,sklearn,1.0584917080122977,0.06138737499713898,178765824,0.0,0.9994026284348865,0.0,1.0,3.11.11,macOS-26.6.2-arm64-arm-64bit,1.9.1
10000,20,100,subsample_50,pyO3,0.6099122919840738,0.048725124972406775,178765824,0.01696441695648062,0.9995021407945833,0.041531795049094614,0.9991,3.11.11,macOS-26.6.2-arm64-arm-64bit,1.9.1
10000,20,100,subsample_50,rust-cli,0.594803,0.04687,178765824,0.0,0.999801,0.04197141884663896,0.9994,3.11.11,macOS-26.6.2-arm64-arm-64bit,1.9.1
