revision,rows,features,cells,bins,trees,n_jobs,repeats,median_seconds,min_seconds,max_seconds
base,2000,20,40000,16,1,1,10,0.004077,0.004005,0.004172
base,2000,20,40000,16,1,-1,10,0.004174,0.004123,0.004295
feature,2000,20,40000,16,1,1,10,0.004130,0.003994,0.004263
feature,2000,20,40000,16,1,-1,10,0.003941,0.003771,0.004028
base,5000,20,100000,16,1,1,10,0.010502,0.010404,0.010895
base,5000,20,100000,16,1,-1,10,0.010613,0.010480,0.010852
feature,5000,20,100000,16,1,1,10,0.010546,0.010407,0.010722
feature,5000,20,100000,16,1,-1,10,0.009661,0.009519,0.010073
base,2000,100,200000,16,1,1,10,0.018283,0.018154,0.019087
base,2000,100,200000,16,1,-1,10,0.018391,0.017978,0.018536
feature,2000,100,200000,16,1,1,10,0.018387,0.018113,0.025315
feature,2000,100,200000,16,1,-1,10,0.016142,0.015641,0.017726
base,3000,10,30000,16,1,1,10,0.002954,0.002881,0.003033
base,3000,10,30000,16,1,-1,10,0.003040,0.002980,0.003283
feature,3000,10,30000,16,1,1,10,0.002979,0.002852,0.003166
feature,3000,10,30000,16,1,-1,10,0.003026,0.002968,0.003220
