revision,rows,features,bins,trees,n_jobs,repeats,median_seconds,min_seconds,max_seconds
base,1000,20,16,1,1,7,0.001930,0.001876,0.002095
base,1000,20,16,1,-1,7,0.002011,0.001957,0.002124
feature_before_threshold,1000,20,16,1,1,7,0.001941,0.001878,0.002148
feature_before_threshold,1000,20,16,1,-1,7,0.001993,0.001888,0.002135
feature_with_threshold,1000,20,16,1,1,7,0.001925,0.001816,0.002019
feature_with_threshold,1000,20,16,1,-1,7,0.001983,0.001953,0.002119
base,1000,20,255,1,1,7,0.004280,0.003918,0.004777
base,1000,20,255,1,-1,7,0.004433,0.004013,0.004822
feature_before_threshold,1000,20,255,1,1,7,0.004630,0.004135,0.005106
feature_before_threshold,1000,20,255,1,-1,7,0.004660,0.004062,0.005128
feature_with_threshold,1000,20,255,1,1,7,0.004339,0.003835,0.004854
feature_with_threshold,1000,20,255,1,-1,7,0.004428,0.003893,0.004847
base,10000,20,16,1,1,7,0.021706,0.021495,0.021948
base,10000,20,16,1,-1,7,0.021867,0.021551,0.022223
feature,10000,20,16,1,1,7,0.021692,0.021529,0.021989
feature,10000,20,16,1,-1,7,0.019586,0.019225,0.019750
base,10000,20,255,1,1,7,0.042328,0.041141,0.042654
base,10000,20,255,1,-1,7,0.042505,0.040900,0.043415
feature,10000,20,255,1,1,7,0.041123,0.040378,0.041874
feature,10000,20,255,1,-1,7,0.038375,0.037884,0.039311
