mode,format,scenario,seed,repeat,fit_seconds,predict_seconds,native_predict_seconds,total_nodes,max_depth,peak_rss_kib
hist_32,csc,after,17,1,0.39837633299976005,0.18223220800064155,0.20692766699903586,21412,60,183616
hist_32,csc,after,17,2,0.40020991699930164,0.18162733300050604,0.18079183399822796,21412,60,184384
hist_32,csc,after,17,3,0.4269909579998057,0.18129429199871083,0.1806197499990958,21412,60,184608
hist_32,csc,after,29,1,0.4118804169993382,0.2130145419996552,0.18603962499946647,22850,67,186944
hist_32,csc,after,29,2,0.4076311250009894,0.18646220899972832,0.21169779199954064,22850,67,187040
hist_32,csc,after,29,3,0.4101709580008901,0.18725304100007634,0.1871382919998723,22850,67,187040
hist_32,csc,after,43,1,0.4301187499986554,0.18492041600075027,0.18412679199900595,22632,59,188496
hist_32,csc,after,43,2,0.40295695799977693,0.21266329100035364,0.18420883399994636,22632,59,188512
hist_32,csc,after,43,3,0.4032137499998498,0.1847301249999873,0.2110558750009659,22632,59,188528
