variant,repeat,warmup,fit_seconds,fit_peak_rss,accuracy,precision,recall,f1
candidate,-1,True,20.15305733299465,822706176,0.88735,0.8948555031768806,0.8767948589215785,0.8857331237003601
baseline,-1,True,23.63438554201275,871448576,0.88735,0.8948555031768806,0.8767948589215785,0.8857331237003601
baseline,0,False,24.278737457992975,798457856,0.88735,0.8948555031768806,0.8767948589215785,0.8857331237003601
candidate,0,False,22.978592667001067,637157376,0.88735,0.8948555031768806,0.8767948589215785,0.8857331237003601
candidate,1,False,20.493949458003044,804126720,0.88735,0.8948555031768806,0.8767948589215785,0.8857331237003601
baseline,1,False,23.334288749989355,822149120,0.88735,0.8948555031768806,0.8767948589215785,0.8857331237003601
baseline,2,False,23.208698208996793,862601216,0.88735,0.8948555031768806,0.8767948589215785,0.8857331237003601
candidate,2,False,19.863623709010426,890945536,0.88735,0.8948555031768806,0.8767948589215785,0.8857331237003601
candidate,3,False,19.83768749999581,895762432,0.88735,0.8948555031768806,0.8767948589215785,0.8857331237003601
baseline,3,False,23.199693041999126,890126336,0.88735,0.8948555031768806,0.8767948589215785,0.8857331237003601
baseline,4,False,23.078403833991615,888389632,0.88735,0.8948555031768806,0.8767948589215785,0.8857331237003601
candidate,4,False,19.847410582995508,891748352,0.88735,0.8948555031768806,0.8767948589215785,0.8857331237003601
