feature_index,bankai_mean_abs_shap_probability,bankai_importance_share,lightgbm_mean_abs_shap_model_output,lightgbm_importance_share
0,0.061335616533708136,0.17839415266172529,78.68842551074103,0.32509682717986577
1,0.05471761522804037,0.159145748521368,84.66966711718439,0.3498079922111894
2,0.05876240651090039,0.17090999178454278,78.68802696463896,0.32509518060894477
3,0.0002941295947944076,0.0008554735861707451,0.0,0.0
4,0.0007644888088395737,0.002223509617733394,0.0,0.0
5,0.0014468725136727563,0.004208217193746487,0.0,0.0
6,0.012065168966776962,0.03509144794143958,0.0,0.0
7,7.07556017741649e-05,0.00020579210478198658,0.0,0.0
8,7.00927824754308e-05,0.00020386430012544535,0.0,0.0
9,6.775994632576155e-05,0.00019707926474571332,0.0,0.0
10,0.00030336939605751513,0.0008823474746265486,0.0,0.0
11,0.00038812256562868784,0.0011288513939722632,0.0,0.0
12,0.0004861713567250718,0.0014140255227353326,0.0,0.0
13,1.508101724429196e-05,4.386301866051662e-05,0.0,0.0
14,0.00283435052894621,0.008243685961480353,0.0,0.0
15,0.0005848406336967356,0.001701004329729659,0.0,0.0
16,0.0035360288391724027,0.010284511743758426,0.0,0.0
17,0.0020474567123120496,0.005955011556845403,0.0,0.0
18,0.0010783365457037852,0.0031363332632236376,0.0,0.0
19,8.293552871922205e-05,0.00024121732539016404,0.0,0.0
20,0.0019820601202987964,0.0057648060893132165,0.0,0.0
21,0.0030487834268283936,0.008867362338801308,0.0,0.0
22,0.003434934604722871,0.009990479967234279,0.0,0.0
23,3.245647425716215e-05,9.439939713186894e-05,0.0,0.0
24,0.0007836553772563593,0.0022792554294717724,0.0,0.0
25,0.0002931771928082481,0.0008527035325719377,0.0,0.0
26,1.3849494244457212e-05,4.02811438143054e-05,0.0,0.0
27,0.0029985428039568645,0.008721237886926953,0.0,0.0
28,0.004539880929430771,0.013204207560966456,0.0,0.0
29,0.00015657686636185418,0.0004554025699847722,0.0,0.0
30,0.008177660190558796,0.023784659597389433,0.0,0.0
31,0.0013982102505292965,0.004066683388582752,0.0,0.0
32,0.002355660331754807,0.006851419331723663,0.0,0.0
33,0.003177492160774366,0.009241710667391706,0.0,0.0
34,0.002154477001838183,0.006266279217408247,0.0,0.0
35,0.0003241313117676009,0.0009427333412738565,0.0,0.0
36,0.0005289042736249031,0.0015383138715272583,0.0,0.0
37,0.0010536736896868079,0.003064601542732186,0.0,0.0
38,0.004101151981981134,0.01192816790812567,0.0,0.0
39,0.0022778023393284046,0.006624969980240942,0.0,0.0
40,0.0001349086797806013,0.00039238082171956274,0.0,0.0
41,0.0011271405002291708,0.003278279176644314,0.0,0.0
42,0.0017733272151587607,0.005157708095529901,0.0,0.0
43,0.0030784079881338183,0.008953525139645613,0.0,0.0
44,0.0027524467785365165,0.008005469555093944,0.0,0.0
45,0.000365387747656585,0.0010627273567935885,0.0,0.0
46,0.001083914636785578,0.003152557096752066,0.0,0.0
47,0.003281565851883703,0.009544408169904376,0.0,0.0
48,2.2082037024074446e-05,6.422542898528927e-05,0.0,0.0
49,0.001495703434723082,0.004350241539090388,0.0,0.0
50,0.0006674888083254608,0.0019413858880339913,0.0,0.0
51,0.00015679487228683115,0.000456036638482969,0.0,0.0
52,0.001442314088616985,0.004194959050741608,0.0,0.0
53,0.00014076049943559748,0.0004094007926251876,0.0,0.0
54,4.607003746817839e-05,0.00013399433741263398,0.0,0.0
55,0.0006240271976478772,0.0018149781391874407,0.0,0.0
56,2.4473249308557564e-05,7.118025088864847e-05,0.0,0.0
57,0.0002832809061190483,0.0008239202614777753,0.0,0.0
58,0.0028948351832783327,0.008419605097349583,0.0,0.0
59,0.001135775820252703,0.0033033949362244633,0.0,0.0
60,0.001498947256294714,0.004359676168321499,0.0,0.0
61,0.0006113076891945849,0.0017779835500558274,0.0,0.0
62,0.0033521631183325126,0.009749739757652387,0.0,0.0
63,0.0002972240615177236,0.0008644738180138942,0.0,0.0
64,0.0006019007553227372,0.0017506235577373203,0.0,0.0
65,0.001014097620605618,0.0029494948607028185,0.0,0.0
66,0.0026322097353774524,0.007655761071750918,0.0,0.0
67,0.0012433406994082409,0.0036162465313913177,0.0,0.0
68,0.0001700604348195441,0.0004946194215598115,0.0,0.0
69,0.006792063378105401,0.01975466229308962,0.0,0.0
70,5.991839147381256e-05,0.00017427216485139504,0.0,0.0
71,4.8638032674749636e-05,0.00014146333103828512,0.0,0.0
72,0.00018933907693305174,0.0005506911987533736,0.0,0.0
73,0.001979168909433124,0.005756397025514786,0.0,0.0
74,0.004523299461973205,0.013155980494799203,0.0,0.0
75,0.004523202007312757,0.013155697048694702,0.0,0.0
76,0.00026986824996019267,0.0007849096577596706,0.0,0.0
77,0.0006508381076001708,0.0018929574574584277,0.0,0.0
78,0.0019495487232146155,0.005670246949575966,0.0,0.0
79,0.0031637640471341567,0.00920178255809907,0.0,0.0
80,2.015460928726156e-05,5.86195207486536e-05,0.0,0.0
81,0.003018345327586682,0.008778833369342357,0.0,0.0
82,0.0006741912927606742,0.0019608800106844285,0.0,0.0
83,0.0008106285019538157,0.002357706548038378,0.0,0.0
84,0.004248718168903212,0.012357362988654754,0.0,0.0
85,0.0035244703905570117,0.010250894087927192,0.0,0.0
86,0.002130316198643137,0.0061960077135547196,0.0,0.0
87,0.002402141787734375,0.006986610276603157,0.0,0.0
88,0.004837735562568868,0.014070515391520965,0.0,0.0
89,7.865266743725444e-05,0.00022876065742882655,0.0,0.0
90,0.0006966303731164364,0.0020261438973590597,0.0,0.0
91,0.00035955591937620766,0.0010457655306419782,0.0,0.0
92,0.0002156125956864867,0.0006271075189983185,0.0,0.0
93,0.00020455624648709096,0.0005949502153234727,0.0,0.0
94,0.002032665814404126,0.005911992347966333,0.0,0.0
95,0.003800209728419331,0.011052879758135955,0.0,0.0
96,0.00649328311329569,0.01888566227018316,0.0,0.0
97,0.0009094512283039407,0.0026451316613290143,0.0,0.0
98,0.003708189056015824,0.010785238364627437,0.0,0.0
99,0.001768984675028769,0.005145077852113929,0.0,0.0
