feature_index,bankai_mean_abs_shap_probability,bankai_importance_share,lightgbm_mean_abs_shap_raw_margin,lightgbm_importance_share
0,0.14055133748622278,0.24979812080406164,78.68842551074103,0.32509682717986577
1,0.15050333920290673,0.26748554642041433,84.66966711718439,0.3498079922111894
2,0.14417509427684028,0.2562385265144373,78.68802696463896,0.32509518060894477
3,0.0012662335722897439,0.002250442952120586,0.0,0.0
4,0.0014007078988721557,0.0024894405645052484,0.0,0.0
5,0.0012285467713246494,0.0021834632119874116,0.0,0.0
6,0.0017104377812003446,0.0030399151736140288,0.0,0.0
7,0.0011766909524654032,0.0020913012565377505,0.0,0.0
8,0.0012584773736029498,0.002236658068310896,0.0,0.0
9,0.0011874903811948147,0.002110494791445441,0.0,0.0
10,0.00117179920712797,0.0020826072888061194,0.0,0.0
11,0.001297211195573634,0.002305498650783364,0.0,0.0
12,0.0012105875919433296,0.002151544844358384,0.0,0.0
13,0.0012793335334564816,0.002273725161600649,0.0,0.0
14,0.0012836529151265988,0.002281401882744171,0.0,0.0
15,0.0013082108771700015,0.002325048089738258,0.0,0.0
16,0.0014468585037298288,0.0025714627961937056,0.0,0.0
17,0.0012821473093526585,0.002278726010000954,0.0,0.0
18,0.00133539389151708,0.002373359731755579,0.0,0.0
19,0.001156092750890506,0.0020546926255750114,0.0,0.0
20,0.0015409772688550509,0.0027387375520314715,0.0,0.0
21,0.001407663364196253,0.002501802326394904,0.0,0.0
22,0.0013660846993260075,0.002427905680970614,0.0,0.0
23,0.0011864259585227458,0.00210860302159124,0.0,0.0
24,0.001299391340352143,0.002309373363599994,0.0,0.0
25,0.0012070580347868743,0.002145271857130216,0.0,0.0
26,0.0012105235651736664,0.0021514310512986447,0.0,0.0
27,0.001582219416485951,0.002812036114395792,0.0,0.0
28,0.0014040271018728658,0.0024953396949366886,0.0,0.0
29,0.00116952422087061,0.0020785640167739388,0.0,0.0
30,0.001684508591340285,0.00299383192021454,0.0,0.0
31,0.0014547845295634896,0.0025855495092346756,0.0,0.0
32,0.001181240306308226,0.002099386701053149,0.0,0.0
33,0.0013663225588719972,0.0024283284223593914,0.0,0.0
34,0.0014002535104897327,0.0024886329922254357,0.0,0.0
35,0.001152802958321866,0.002048845765515341,0.0,0.0
36,0.001175726775864403,0.0020895876513358316,0.0,0.0
37,0.001276226637290848,0.0022682033584105177,0.0,0.0
38,0.0013341095246605975,0.0023710770610040196,0.0,0.0
39,0.0012957468259814713,0.0023028960659995604,0.0,0.0
40,0.0012649952857678656,0.002248242178711279,0.0,0.0
41,0.0013527587512714267,0.0024042218310585265,0.0,0.0
42,0.0012752643953011086,0.0022664931915412825,0.0,0.0
43,0.0013599931874751737,0.002417079400407164,0.0,0.0
44,0.0013319312733628315,0.0023672057134199076,0.0,0.0
45,0.0013001116079366954,0.002310653475851611,0.0,0.0
46,0.0013001705636536442,0.0023107582562654286,0.0,0.0
47,0.001344242150239583,0.002389085504564294,0.0,0.0
48,0.001103283915331859,0.001960836899117098,0.0,0.0
49,0.0013798396401138932,0.0024523519681567585,0.0,0.0
50,0.0011449232384097524,0.0020348413507462445,0.0,0.0
51,0.0012043239550017823,0.002140412650489715,0.0,0.0
52,0.0011417039339790738,0.0020291197673628168,0.0,0.0
53,0.0011723669443472417,0.0020836163129322573,0.0,0.0
54,0.0012655618230556118,0.002249249070231314,0.0,0.0
55,0.0013474927671211763,0.0023948627387265485,0.0,0.0
56,0.001180501213303027,0.0020980731308865453,0.0,0.0
57,0.001161214745251611,0.002063795808718312,0.0,0.0
58,0.001291652245293656,0.002295618877609965,0.0,0.0
59,0.0014246635160730739,0.0025320162401730618,0.0,0.0
60,0.001250408280602072,0.0022223170858324467,0.0,0.0
61,0.0012207986120197339,0.0021696926163554194,0.0,0.0
62,0.0012365005061692506,0.0021975991715100303,0.0,0.0
63,0.0011428240629427848,0.0020311105425144275,0.0,0.0
64,0.0012467057296970565,0.0022157366414567764,0.0,0.0
65,0.0014158745540700842,0.0025163958538328727,0.0,0.0
66,0.0013119118812467776,0.002331625784977604,0.0,0.0
67,0.0013233005325378954,0.002351866529334041,0.0,0.0
68,0.0012571296966533438,0.0022342628782295814,0.0,0.0
69,0.0015106970754795754,0.0026849213768312973,0.0,0.0
70,0.0013122421098067905,0.002332212691336536,0.0,0.0
71,0.001256331853713886,0.002232844893381213,0.0,0.0
72,0.0012391978948161273,0.0022023931679750874,0.0,0.0
73,0.0013571820988386588,0.0024120833280013507,0.0,0.0
74,0.0014399325524968828,0.0025591534889063236,0.0,0.0
75,0.001319375059711811,0.002344889891809554,0.0,0.0
76,0.0011755621933902684,0.002089295143320672,0.0,0.0
77,0.0013072255056968273,0.0023232968154587304,0.0,0.0
78,0.0012795519995340025,0.002274113435498288,0.0,0.0
79,0.0015322958483673936,0.0027233082963409004,0.0,0.0
80,0.0012127019345024208,0.0021553026086560652,0.0,0.0
81,0.0014420503535648673,0.002562917399919061,0.0,0.0
82,0.0012334267412094037,0.0021921362515229586,0.0,0.0
83,0.0013096491446653506,0.002327604283965773,0.0,0.0
84,0.0013661653532319555,0.0024280490249935283,0.0,0.0
85,0.001414722451107823,0.0025143482521515735,0.0,0.0
86,0.0013191964762673245,0.0023445725002454658,0.0,0.0
87,0.001452124742346642,0.002580822340782278,0.0,0.0
88,0.0017754057955328814,0.003155381082248515,0.0,0.0
89,0.0012369668870633554,0.002198428057759069,0.0,0.0
90,0.0011934472643015468,0.0021210817999543926,0.0,0.0
91,0.00127144768981193,0.0022597098632862037,0.0,0.0
92,0.0012610881735773056,0.0022412981730516516,0.0,0.0
93,0.00119713405993096,0.002127634242901485,0.0,0.0
94,0.001436212097048758,0.0025525412232666037,0.0,0.0
95,0.0013347364958489817,0.00237219136007408,0.0,0.0
96,0.0016172389725308378,0.0028742754317004934,0.0,0.0
97,0.001278859260346735,0.0022728822487285165,0.0,0.0
98,0.0013628105360690345,0.0024220865984671994,0.0,0.0
99,0.0015370188109352539,0.0027317022909849934,0.0,0.0
